{
  "n_materials": 2,
  "observable": "strain_response_B1",
  "method": "d/d(eps) f(g; eps_{x^2-y^2}), eps=0.02",
  "b1_amplification": 6.50063444961105,
  "statistics": {
    "std_B1_mean": 0.03846938162755379,
    "sr_B1_mean": 0.2500753874633106,
    "std_B2_mean": 0.022453544005347166,
    "sr_B2_mean": 1.7058020110666955e-08
  },
  "ranking": [
    {
      "jid": "JVASP-8008",
      "formula": "Ni4B2",
      "spg": 140,
      "Tc_central_K": 7.460502467046349,
      "std_B1": 0.07693876325510758,
      "sr_B1": 0.5001507747401637,
      "std_B2": 0.04490708801069433,
      "sr_B2": 3.411601034510966e-08
    },
    {
      "jid": "JVASP-18507",
      "formula": "P4Ni2Ba",
      "spg": 139,
      "Tc_central_K": 44.609892993479484,
      "std_B1": 0.0,
      "sr_B1": 1.8645751556002062e-10,
      "std_B2": 1.4763002454432405e-20,
      "sr_B2": 2.987622425252694e-14
    }
  ]
}