{
  "n_matched": 735,
  "pearson_correlation": 0.6260118462204634,
  "spearman_correlation": 0.6367500465415404,
  "mean_diff": 0.09449442032127678,
  "std_diff": 0.28741840143076464,
  "max_abs_diff": 0.7729082894368132,
  "top20_overlap": 0,
  "top50_overlap": 11,
  "per_point_group": {
    "D3": {
      "n": 50,
      "mean_diff": 0.0629206167078671,
      "std_diff": 0.2682591386115189
    },
    "D4": {
      "n": 78,
      "mean_diff": -0.06832165816852265,
      "std_diff": 0.2188025457428385
    },
    "O": {
      "n": 313,
      "mean_diff": 0.24114131695123237,
      "std_diff": 0.21588547634746627
    },
    "D6": {
      "n": 99,
      "mean_diff": 0.05497023576671167,
      "std_diff": 0.2927081266630681
    },
    "D2": {
      "n": 59,
      "mean_diff": -0.13361701385213293,
      "std_diff": 0.2749397759089412
    },
    "C2": {
      "n": 26,
      "mean_diff": -0.1316754934447653,
      "std_diff": 0.221327150138911
    },
    "C6": {
      "n": 1,
      "mean_diff": -0.024268150657858645,
      "std_diff": 0.0
    },
    "T": {
      "n": 33,
      "mean_diff": 0.30049474637298584,
      "std_diff": 0.19284047496707424
    },
    "C4": {
      "n": 62,
      "mean_diff": -0.09964201901294738,
      "std_diff": 0.2874177632400603
    },
    "C1": {
      "n": 11,
      "mean_diff": -0.1478086390571243,
      "std_diff": 0.17149300361483863
    },
    "C3": {
      "n": 3,
      "mean_diff": -0.02140657771006202,
      "std_diff": 0.15143579615608618
    }
  }
}