{
  "C2": {
    "n_materials": 26,
    "n_irreps": 2,
    "irreps": {
      "A": {
        "mean_w": 0.8343545449530871,
        "std_w": 0.18013015607490526,
        "corr_z3": -0.24527154076317775,
        "corr_Tc": -0.13237376673144166,
        "residual_variance_after_z3": 0.939841871291657
      },
      "B": {
        "mean_w": 0.16564545504691278,
        "std_w": 0.18013015607490526,
        "corr_z3": 0.24527154076317773,
        "corr_Tc": 0.1323737667314416,
        "residual_variance_after_z3": 0.9398418712916571
      }
    }
  },
  "C4": {
    "n_materials": 62,
    "n_irreps": 3,
    "irreps": {
      "A": {
        "mean_w": 0.7509914067476652,
        "std_w": 0.16947255960915225,
        "corr_z3": 0.5773581417432327,
        "corr_Tc": 0.3013120055907944,
        "residual_variance_after_z3": 0.6666575761628012
      },
      "B": {
        "mean_w": 0.11234072004267505,
        "std_w": 0.07649386067335409,
        "corr_z3": -0.055948288652267746,
        "corr_Tc": 0.188535394146827,
        "residual_variance_after_z3": 0.9968697889968822
      },
      "E": {
        "mean_w": 0.13666787320965948,
        "std_w": 0.17248101060210919,
        "corr_z3": -0.5424751465028002,
        "corr_Tc": -0.37967029977212796,
        "residual_variance_after_z3": 0.7057207154267652
      }
    }
  },
  "D2": {
    "n_materials": 59,
    "n_irreps": 4,
    "irreps": {
      "A": {
        "mean_w": 0.871536387744248,
        "std_w": 0.17761783804517586,
        "corr_z3": 0.1512738080333994,
        "corr_Tc": 0.1797287831659913,
        "residual_variance_after_z3": 0.977116235003074
      },
      "B1": {
        "mean_w": 0.016516203431461998,
        "std_w": 0.03428962573291712,
        "corr_z3": -0.2590186200079716,
        "corr_Tc": -0.12083539443585613,
        "residual_variance_after_z3": 0.9329093544891663
      },
      "B2": {
        "mean_w": 0.06347570220435111,
        "std_w": 0.1224951032427569,
        "corr_z3": -0.13269553755857982,
        "corr_Tc": -0.19255314084239986,
        "residual_variance_after_z3": 0.9823918943120398
      },
      "B3": {
        "mean_w": 0.04847170661993897,
        "std_w": 0.1259759408408104,
        "corr_z3": -0.013754385267275106,
        "corr_Tc": -0.03328270902163805,
        "residual_variance_after_z3": 0.9998108168859192
      }
    }
  },
  "D3": {
    "n_materials": 50,
    "n_irreps": 3,
    "irreps": {
      "A1": {
        "mean_w": 0.6515570426713918,
        "std_w": 0.28725460961780797,
        "corr_z3": -0.3802927075718905,
        "corr_Tc": -0.3404066085304737,
        "residual_variance_after_z3": 0.8553774565676406
      },
      "A2": {
        "mean_w": 0.0023651819356312583,
        "std_w": 0.005800424918520392,
        "corr_z3": -0.347516286000878,
        "corr_Tc": -0.17148548898959304,
        "residual_variance_after_z3": 0.8792324309641558
      },
      "E": {
        "mean_w": 0.3460777753929769,
        "std_w": 0.2891047408606683,
        "corr_z3": 0.3848313765030679,
        "corr_Tc": 0.3416687524880416,
        "residual_variance_after_z3": 0.8519048116587538
      }
    }
  },
  "D4": {
    "n_materials": 78,
    "n_irreps": 5,
    "irreps": {
      "A1": {
        "mean_w": 0.8249998719357211,
        "std_w": 0.1670408163883574,
        "corr_z3": -0.2528450294430803,
        "corr_Tc": -0.3108679099776313,
        "residual_variance_after_z3": 0.9360693910859279
      },
      "A2": {
        "mean_w": 0.0009386155888880054,
        "std_w": 0.008236318365943332,
        "corr_z3": -0.12153711716287086,
        "corr_Tc": -0.0846692865438835,
        "residual_variance_after_z3": 0.985228729151739
      },
      "B1": {
        "mean_w": 0.0011527951912879643,
        "std_w": 0.008697293158087918,
        "corr_z3": -0.12459805837764033,
        "corr_Tc": -0.0839819491477323,
        "residual_variance_after_z3": 0.9844753238485225
      },
      "B2": {
        "mean_w": 0.10692969417515841,
        "std_w": 0.09955544392350614,
        "corr_z3": 0.37148870452635296,
        "corr_Tc": 0.3261654119145378,
        "residual_variance_after_z3": 0.8619961424093324
      },
      "E": {
        "mean_w": 0.0659790231089446,
        "std_w": 0.14221742440921256,
        "corr_z3": 0.05158581311374934,
        "corr_Tc": 0.1468446360509832,
        "residual_variance_after_z3": 0.9973389038853934
      }
    }
  },
  "D6": {
    "n_materials": 99,
    "n_irreps": 6,
    "irreps": {
      "A1": {
        "mean_w": 0.6882149573430879,
        "std_w": 0.27755075536686713,
        "corr_z3": -0.19604749067783783,
        "corr_Tc": -0.36037676258297696,
        "residual_variance_after_z3": 0.9615653813989233
      },
      "A2": {
        "mean_w": 5.20873322848399e-11,
        "std_w": 4.327452447893125e-10,
        "corr_z3": -0.11309923527685947,
        "corr_Tc": -0.03134689080490263,
        "residual_variance_after_z3": 0.9872085629797901
      },
      "B1": {
        "mean_w": 0.008524032428506375,
        "std_w": 0.025672431358067835,
        "corr_z3": -0.013183636631665158,
        "corr_Tc": 0.02419167587057663,
        "residual_variance_after_z3": 0.999826191725164
      },
      "B2": {
        "mean_w": 0.000836870744593146,
        "std_w": 0.006161625233845602,
        "corr_z3": -0.20631277906500936,
        "corr_Tc": -0.11117379933320594,
        "residual_variance_after_z3": 0.9574350371944726
      },
      "E1": {
        "mean_w": 0.1664183428373485,
        "std_w": 0.2533381401866163,
        "corr_z3": 0.36201351303601986,
        "corr_Tc": 0.308910747398942,
        "residual_variance_after_z3": 0.8689462163793193
      },
      "E2": {
        "mean_w": 0.13600579659437678,
        "std_w": 0.15547756150379483,
        "corr_z3": -0.22954452438922382,
        "corr_Tc": 0.14039273830512325,
        "residual_variance_after_z3": 0.9473093113229253
      }
    }
  },
  "O": {
    "n_materials": 313,
    "n_irreps": 5,
    "irreps": {
      "A1": {
        "mean_w": 0.48172131968161763,
        "std_w": 0.423240364775851,
        "corr_z3": -0.9431507723431294,
        "corr_Tc": -0.7350781585573184,
        "residual_variance_after_z3": 0.1104666206285576
      },
      "A2": {
        "mean_w": 0.00019390992649800698,
        "std_w": 0.0006292407970540126,
        "corr_z3": -0.3373770426213393,
        "corr_Tc": -0.2786309943746902,
        "residual_variance_after_z3": 0.8861767311120793
      },
      "E": {
        "mean_w": 2.6257855724296814e-33,
        "std_w": 2.27118279479563e-33,
        "corr_z3": -0.40679870573228255,
        "corr_Tc": -0.3303965156801859,
        "residual_variance_after_z3": null
      },
      "T1": {
        "mean_w": 0.002867634930413447,
        "std_w": 0.00873295320946852,
        "corr_z3": -0.35949684751623956,
        "corr_Tc": -0.29739544940270124,
        "residual_variance_after_z3": 0.8707620166258858
      },
      "T2": {
        "mean_w": 0.515217135461471,
        "std_w": 0.42663941131920735,
        "corr_z3": 0.9434928578866792,
        "corr_Tc": 0.7357201565821584,
        "residual_variance_after_z3": 0.10982122711682656
      }
    }
  },
  "T": {
    "n_materials": 33,
    "n_irreps": 3,
    "irreps": {
      "A": {
        "mean_w": 0.3067437402527156,
        "std_w": 0.33348149950886186,
        "corr_z3": -0.9150931503619081,
        "corr_Tc": -0.5246124608517032,
        "residual_variance_after_z3": 0.16260452616071844
      },
      "E": {
        "mean_w": 1.988871048779388e-33,
        "std_w": 2.4019118906693454e-33,
        "corr_z3": -0.758321596368313,
        "corr_Tc": -0.3983413269669792,
        "residual_variance_after_z3": null
      },
      "T": {
        "mean_w": 0.6932562597472843,
        "std_w": 0.33348149950886186,
        "corr_z3": 0.9150931503619083,
        "corr_Tc": 0.5246124608517034,
        "residual_variance_after_z3": 0.16260452616071844
      }
    }
  }
}